<?xml version="1.0" encoding="UTF-8" ?>
<!DOCTYPE configuration
        PUBLIC "-//mybatis.org//DTD Config 3.0//EN"
        "http://mybatis.org/dtd/mybatis-3-config.dtd">
<configuration>

    <!--起别名:暴露pojo包下的java文件-->
    <typeAliases>
        <package name="com.itheima.pojo"/>
    </typeAliases>

    <!--配置mybatis环境-->
    <environments default="development">

        <environment id="development">
            <transactionManager type="JDBC"/>
            <dataSource type="POOLED">
                <!--数据库连接信息-->
                <property name="driver" value="org.postgresql.Driver"/>
                <property name="url" value="jdbc:postgresql://192.168.11.103:26000/jiafei_db?currentSchema=jiafei_schema"/>
                <property name="username" value="jiafei"/>
                <property name="password" value="Liang521.."/>
            </dataSource>
        </environment>

    </environments>

    <!--mapper代理-->
    <mappers>
        <!--扫描mapper-->
        <package name="com.itheima.mapper"/>
    </mappers>

</configuration>